"0","#| label: fig-pib-mortalidade"
"0","#| fig-cap: !expr paste0(""Gasto em saúde per capita (US$ PPP) x Taxa de mortalidade infantil (por 1.000 nascidos vivos), "", ano_referencia, "". Ambos os eixos em escala logarítmica."")"
"0","#| out.width: ""100%"""
"0",""
"0","paises_destaque <- data.frame("
"0","  country = c(""Brazil"", ""United States"", ""China"", ""Cuba""),"
"0","  label_grafico = c(""Brasil"", ""EUA"", ""China"", ""Cuba""),"
"0","  stringsAsFactors = FALSE"
"0",")"
"0",""
"0","dados_g3 <- dados_ano |>"
"0","  filter("
"0","    !is.na(mortalidade_infantil), "
"0","    !is.na(gasto_saude_percap), "
"0","    mortalidade_infantil > 0,"
"0","    mortalidade_infantil < 300"
"0","  )"
"0",""
"0","dados_g3 <- dados_g3 |>"
"0","  left_join(paises_destaque, by = ""country"") |>"
"0","  mutate(label_grafico = ifelse(is.na(label_grafico), """", label_grafico))"
"0",""
"0","g3 <- ggplot("
"0","  dados_g3,"
"0","  aes("
"0","    x = gasto_saude_percap, y = mortalidade_infantil, color = region,"
"0","    text = paste("
"0","      ""País:"", country_pt, ""\nRegião:"", region,"
"0","      ""\nGasto:"", round(gasto_saude_percap, 1), ""US$"","
"0","      ""\nMortalidade:"", round(mortalidade_infantil, 1), ""por 1.000"""
"0","    )"
"0","  )"
"0",") +"
"0","  geom_point(alpha = 0.7, size = 2.5, show.legend = FALSE) +"
"0","  scale_color_manual(values = cores) +"
"0","  scale_x_log10(labels = comma) +"
"0","  scale_y_log10() +"
"0","  geom_smooth("
"0","    method = ""lm"", color = ""#88888889"", se = FALSE, alpha = 0.2,"
"0","    inherit.aes = FALSE,"
"0","    aes(x = gasto_saude_percap, y = mortalidade_infantil)"
"0","  ) +"
"0","  ggrepel::geom_text_repel("
"0","    aes(label = label_grafico),"
"0","    fontface = ""bold"", size = 3.8,"
"0","    box.padding = 0.6, point.padding = 0.5,"
"0","    segment.color = ""grey40"", segment.size = 0.4,"
"0","    min.segment.length = 0, max.overlaps = Inf,"
"0","    seed = 42, show.legend = FALSE, na.rm = TRUE"
"0","  ) +"
"0","  labs("
"0","    x = ""Gasto em saúde per capita (US$ PPP) -- escala log"","
"0","    y = ""Mortalidade infantil (por 1.000 nascidos vivos) -- escala log"""
"0","  ) +"
"0","  theme_minimal(base_size = 14, base_family = ""sans"") +"
"0","  theme(panel.grid.minor = element_blank(), legend.position = ""none"") +"
"0","  tema_transparente"
